Hourly Energy Calculation Input Page,,,,,,,,,,,,,,,,,,,,,,,,,,,,,,,,,,,,,,,,,,,,,,,,,,,,,,,,,,,,,,,,,,,,,,,,,,,,,,,,,,,,,,,,,
Legend:,,,,,,,,,,,,,,,,,,,,,,,,,,,,,,,,,,,,,,,,,,,,,,,,,,,,,,,,,,,,,,,,,,,,,,,,,,,,,,,,,,,,,,,,,
,User Input: Select from dropdown menu,,,,,,,,,,,,,,,,,,,,,,,,,,,,,,,,,,,,,,,,,,,,,,,,,,,,,,,,,,,,,,,,,,,,,,,,,,,,,,,,,,,,,,,,
,User input: Value or specification,,,,,,,,,,,,,,,,,,,,,,,,,,,,,,,,,,,,,,,,,,,,,,,,,,,,,,,,,,,,,,,,,,,,,,,,,,,,,,,,,,,,,,,,
,Constants,,,,,,,,,,,,,,,,,,,,,,,,,,,,,,,,,,,,,,,,,,,,,,,,,,,,,,,,,,,,,,,,,,,,,,,,,,,,,,,,,,,,,,,,
Note:,"1. If the location of the building is changed, follow the instructions in the ""Weather Data Converter"" section in the REF tab. The climate data converter file (""BEM_Weather_ Data_Converter.xlsb"") must be located in the same folder. ",,,,,,,,,,,,,,,,,,,,,,,,,,,,,,,,,,,,,,,,,,,,,,,,,,,,,,,,,,,,,,,,,,,,,,,,,,,,,,,,,,,,,,,,
,,,,,,,,,,,,,,,,,,,,,,,,,,,,,,,,,,,,,,,,,,,,,,,,,,,,,,,,,,,,,,,,,,,,,,,,,,,,,,,,,,,,,,,,,
,Building General,,,,Zone ,Zone1,Zone2,Zone3,Zone4,Zone5,Zone6,Zone7,Zone8,Zone9,Zone10,,,,,,,,,,,,,,,,,,,,,,,,,,,,,,,,,,,,,,,,,,,,,,,,,,,,,,,,,,,,,,,,,,,,,,,,,,
,Building Location,Location_Name,,,Space Name,Space_Nm,,,,,,,,,,,,,,,,,,,,,,,,,,,,,,,,,,,,,,,,,,,,,,,,,,,,,,,,,,,,,,,,,,,,,,,,,,,,,,,,,,,
,Nearest Weather Data Source,2017_AMY_CRC_Data.epw,Follow 'Note 1' above if location is changed,,Gross Floor Area (m2),53903.37,444.91,0,4,,0,7,0,0,0,,,,,,,,,,,,,,,,,,,,,,,,,,,,,,,,,,,,,,,,,,,,,,,,,,,,,,,,,,,,,,,,,,,,,,,,,,
,Distance between bldg location and weather station (km),0,,,Occupancy (m2/person),33.15,0,0,0,,0,0,0,0,0,,,,,,,,,,,,,,,,,,,,,,,,,,,,,,,,,,,,,,,,,,,,,,,,,,,,,,,,,,,,,,,,,,,,,,,,,,
,Building Name,Building_Name,,,Metabolic rate (W/person),105,90,0,0,0,0,0,0,0,0,,,,,,,,,,,,,,,,,,,,,,,,,,,,,,,,,,,,,,,,,,,,,,,,,,,,,,,,,,,,,,,,,,,,,,,,,,
,Terrain class,Urban / City,,,Appliance (W/m2),12.39,61.02,0,0,0,0,0,0,0,0,,,,,,,,,,,,,,,,,,,,,,,,,,,,,,,,,,,,,,,,,,,,,,,,,,,,,,,,,,,,,,,,,,,,,,,,,,
,Building total Ventilated volume [m3],232920,,,Lighting (W/m2),9.14,10,0,0,0,0,0,0,0,0,,,,,,,,,,,,,,,,,,,,,,,,,,,,,,,,,,,,,,,,,,,,,,,,,,,,,,,,,,,,,,,,,,,,,,,,,,
,Building Height [m],90,,,Outdoor Air (liter/s/person),8.33,8.33,0,0,0,0,0,0,0,0,,,,,,,,,,,,,,,,,,,,,,,,,,,,,,,,,,,,,,,,,,,,,,,,,,,,,,,,,,,,,,,,,,,,,,,,,,
,,,,,DHW (liter/m2/month),1.51,0,0,0,0,0,0,0,0,0,,,,,,,,,,,,,,,,,,,,,,,,,,,,,,,,,,,,,,,,,,,,,,,,,,,,,,,,,,,,,,,,,,,,,,,,,,
,Heat Capacity,,,,,,,,,,,,,,,,,,,,,,,,,,,,,,,,,,,,,,,,,,,,,,,,,,,,,,,,,,,,,,,,,,,,,,,,,,,,,,,,,,,,,,,,
,Envelope Heat Capacity (J/K),"Heavy: 260,000 * Af",,,Building Temperature Set-point Schedule,,,,,,Zone 1 Schedule,,,,,,,,Zone 2 Schedule,,,,,,,,Zone 3 Schedule,,,,,,,,Zone 4 Schedule,,,,,,,,Zone 5 Schedule,,,,,,,,Zone 6 Schedule,,,,,,,,Zone 7 Schedule,,,,,,,,Zone 8 Schedule,,,,,,,,Zone 9 Schedule,,,,,,,,Zone 10 Schedule,,,,,,
,,,,,Hour,WD_Tset_heat,WE_Tset_heat,WD_Tset_cool,WE_Tset_cool,,Hour,Occ_WD,Occ_WE,App_WD,App_WE,Light_WD,Light_WE,,Hour,Occ_WD,Occ_WE,App_WD,App_WE,Light_WD,Light_WE,,Hour,Occ_WD,Occ_WE,App_WD,App_WE,Light_WD,Light_WE,,Hour,Occ_WD,Occ_WE,App_WD,App_WE,Light_WD,Light_WE,,Hour,Occ_WD,Occ_WE,App_WD,App_WE,Light_WD,Light_WE,,Hour,Occ_WD,Occ_WE,App_WD,App_WE,Light_WD,Light_WE,,Hour,Occ_WD,Occ_WE,App_WD,App_WE,Light_WD,Light_WE,,Hour,Occ_WD,Occ_WE,App_WD,App_WE,Light_WD,Light_WE,,Hour,Occ_WD,Occ_WE,App_WD,App_WE,Light_WD,Light_WE,,Hour,Occ_WD,Occ_WE,App_WD,App_WE,Light_WD,Light_WE
,Building System,,,,0-1,15.6,15.6,29.4,29.4,,0-1,0.05,0.05,0.10111871,0.10111871,0.1,0.1,,0-1,0.05,0.05,0.3,0.3,0.05,0.05,,0-1,0,0,0,0,0,0,,0-1,0,0,0,0,0,0,,0-1,0,0,0,0,0,0,,0-1,0,0,0,0,0,0,,0-1,0,0,0,0,0,0,,0-1,0,0,0,0,0,0,,0-1,0,0,0,0,0,0,,0-1,0,0,0,0,0,0
,Lighting,,,,2-Jan,15.6,15.6,29.4,29.4,,2-Jan,0.05,0.05,0.10111871,0.10111871,0.1,0.1,,2-Jan,0.05,0.05,0.3,0.3,0.05,0.05,,2-Jan,0,0,0,0,0,0,,2-Jan,0,0,0,0,0,0,,2-Jan,0,0,0,0,0,0,,2-Jan,0,0,0,0,0,0,,2-Jan,0,0,0,0,0,0,,2-Jan,0,0,0,0,0,0,,2-Jan,0,0,0,0,0,0,,2-Jan,0,0,0,0,0,0
,Lighting daylighting factor,1,"No Control: 1, Range (0=< factor =<1)",,3-Feb,15.6,15.6,29.4,29.4,,3-Feb,0.05,0.05,0.10111871,0.10111871,0.1,0.1,,3-Feb,0.05,0.05,0.3,0.3,0.05,0.05,,3-Feb,0,0,0,0,0,0,,3-Feb,0,0,0,0,0,0,,3-Feb,0,0,0,0,0,0,,3-Feb,0,0,0,0,0,0,,3-Feb,0,0,0,0,0,0,,3-Feb,0,0,0,0,0,0,,3-Feb,0,0,0,0,0,0,,3-Feb,0,0,0,0,0,0
,Lighting occupancy factor,1,"No Control: 1, Range (0=< factor =<1)",,4-Mar,15.6,15.6,29.4,29.4,,4-Mar,0.05,0.05,0.10111871,0.10111871,0.1,0.1,,4-Mar,0.05,0.05,0.3,0.3,0.05,0.05,,4-Mar,0,0,0,0,0,0,,4-Mar,0,0,0,0,0,0,,4-Mar,0,0,0,0,0,0,,4-Mar,0,0,0,0,0,0,,4-Mar,0,0,0,0,0,0,,4-Mar,0,0,0,0,0,0,,4-Mar,0,0,0,0,0,0,,4-Mar,0,0,0,0,0,0
,Lighting constant illumination control factor,1,"No Control: 1, Range (0=< factor =<1)",,5-Apr,15.6,15.6,29.4,29.4,,5-Apr,0.05,0.05,0.10111871,0.10111871,0.1,0.1,,5-Apr,0.05,0.05,0.3,0.3,0.05,0.05,,5-Apr,0,0,0,0,0,0,,5-Apr,0,0,0,0,0,0,,5-Apr,0,0,0,0,0,0,,5-Apr,0,0,0,0,0,0,,5-Apr,0,0,0,0,0,0,,5-Apr,0,0,0,0,0,0,,5-Apr,0,0,0,0,0,0,,5-Apr,0,0,0,0,0,0
,Is parasitic lighting energy considered?,Yes,Refer to REF sheet,,6-May,15.6,15.6,29.4,29.4,,6-May,0.05,0.05,0.10111871,0.10111871,0.1,0.1,,6-May,0.05,0.05,0.3,0.3,0.05,0.05,,6-May,0,0,0,0,0,0,,6-May,0,0,0,0,0,0,,6-May,0,0,0,0,0,0,,6-May,0,0,0,0,0,0,,6-May,0,0,0,0,0,0,,6-May,0,0,0,0,0,0,,6-May,0,0,0,0,0,0,,6-May,0,0,0,0,0,0
,Annual parasitic energy for emergency lighting and automatic lighting controls (kWh/m2/yr),6,Refer to REF sheet,,7-Jun,22.2,15.6,23.9,29.4,,7-Jun,1,0.05,1,0.10111871,1,0.1,,7-Jun,0.05,0.05,1,0.3,0.05,0.05,,7-Jun,0,0,0,0,0,0,,7-Jun,0,0,0,0,0,0,,7-Jun,0,0,0,0,0,0,,7-Jun,0,0,0,0,0,0,,7-Jun,0,0,0,0,0,0,,7-Jun,0,0,0,0,0,0,,7-Jun,0,0,0,0,0,0,,7-Jun,0,0,0,0,0,0
,Heating and Cooling Plants,,,,8-Jul,22.2,15.6,23.9,29.4,,8-Jul,1,0.05,1,0.10111871,1,0.1,,8-Jul,0.05,0.05,1,0.3,0.05,0.05,,8-Jul,0,0,0,0,0,0,,8-Jul,0,0,0,0,0,0,,8-Jul,0,0,0,0,0,0,,8-Jul,0,0,0,0,0,0,,8-Jul,0,0,0,0,0,0,,8-Jul,0,0,0,0,0,0,,8-Jul,0,0,0,0,0,0,,8-Jul,0,0,0,0,0,0
,Heating System Coefficient of Performance (COP) [KW/KW],0.82,,,9-Aug,22.2,22.2,23.9,23.9,,9-Aug,1,0.1,1,0.10111871,1,0.1,,9-Aug,0.05,0.05,1,0.3,0.05,0.05,,9-Aug,0,0,0,0,0,0,,9-Aug,0,0,0,0,0,0,,9-Aug,0,0,0,0,0,0,,9-Aug,0,0,0,0,0,0,,9-Aug,0,0,0,0,0,0,,9-Aug,0,0,0,0,0,0,,9-Aug,0,0,0,0,0,0,,9-Aug,0,0,0,0,0,0
,Cooling System Full Load COP [KW/KW],4.99,"IPLV: 0.82,  Seasonal COP: 2.29",,10-Sep,22.2,22.2,23.9,23.9,,10-Sep,1,0.1,1,0.10111871,1,0.1,,10-Sep,0.05,0.05,1,0.3,0.05,0.05,,10-Sep,0,0,0,0,0,0,,10-Sep,0,0,0,0,0,0,,10-Sep,0,0,0,0,0,0,,10-Sep,0,0,0,0,0,0,,10-Sep,0,0,0,0,0,0,,10-Sep,0,0,0,0,0,0,,10-Sep,0,0,0,0,0,0,,10-Sep,0,0,0,0,0,0
,Relative COP100: for Relative Load 100%,1,Refer to REF sheet,,11-Oct,22.2,22.2,23.9,23.9,,11-Oct,1,0.1,1,0.10111871,1,0.1,,11-Oct,0.05,0.05,1,0.3,0.05,0.05,,11-Oct,0,0,0,0,0,0,,11-Oct,0,0,0,0,0,0,,11-Oct,0,0,0,0,0,0,,11-Oct,0,0,0,0,0,0,,11-Oct,0,0,0,0,0,0,,11-Oct,0,0,0,0,0,0,,11-Oct,0,0,0,0,0,0,,11-Oct,0,0,0,0,0,0
,Partial Load COP75 Relative Load 75%,0.9,Refer to REF sheet,,12-Nov,22.2,22.2,23.9,23.9,,12-Nov,1,0.1,1,0.10111871,1,0.1,,12-Nov,0.05,0.05,1,0.3,0.05,0.05,,12-Nov,0,0,0,0,0,0,,12-Nov,0,0,0,0,0,0,,12-Nov,0,0,0,0,0,0,,12-Nov,0,0,0,0,0,0,,12-Nov,0,0,0,0,0,0,,12-Nov,0,0,0,0,0,0,,12-Nov,0,0,0,0,0,0,,12-Nov,0,0,0,0,0,0
,Partial Load COP50 Relative Load 50%,0.82,Refer to REF sheet,,13-Dec,22.2,22.2,23.9,23.9,,13-Dec,1,0.1,1,0.10111871,1,0.1,,13-Dec,0.05,0.05,1,0.3,0.05,0.05,,13-Dec,0,0,0,0,0,0,,13-Dec,0,0,0,0,0,0,,13-Dec,0,0,0,0,0,0,,13-Dec,0,0,0,0,0,0,,13-Dec,0,0,0,0,0,0,,13-Dec,0,0,0,0,0,0,,13-Dec,0,0,0,0,0,0,,13-Dec,0,0,0,0,0,0
,Partial Load COP25 Relative Load 25%,0.5,Refer to REF sheet,,13-14,22.2,22.2,23.9,23.9,,13-14,1,0.1,1,0.10111871,1,0.1,,13-14,0.05,0.05,1,0.3,0.05,0.05,,13-14,0,0,0,0,0,0,,13-14,0,0,0,0,0,0,,13-14,0,0,0,0,0,0,,13-14,0,0,0,0,0,0,,13-14,0,0,0,0,0,0,,13-14,0,0,0,0,0,0,,13-14,0,0,0,0,0,0,,13-14,0,0,0,0,0,0
,Weighting of 100% Load,0.01,From ARI 550/590 Standard,,14-15,22.2,22.2,23.9,23.9,,14-15,1,0.1,1,0.10111871,1,0.1,,14-15,0.05,0.05,1,0.3,0.05,0.05,,14-15,0,0,0,0,0,0,,14-15,0,0,0,0,0,0,,14-15,0,0,0,0,0,0,,14-15,0,0,0,0,0,0,,14-15,0,0,0,0,0,0,,14-15,0,0,0,0,0,0,,14-15,0,0,0,0,0,0,,14-15,0,0,0,0,0,0
,Weighting of 75% Load,0.42,From ARI 550/590 Standard,,15-16,22.2,22.2,23.9,23.9,,15-16,1,0.1,1,0.10111871,1,0.1,,15-16,0.05,0.05,1,0.3,0.05,0.05,,15-16,0,0,0,0,0,0,,15-16,0,0,0,0,0,0,,15-16,0,0,0,0,0,0,,15-16,0,0,0,0,0,0,,15-16,0,0,0,0,0,0,,15-16,0,0,0,0,0,0,,15-16,0,0,0,0,0,0,,15-16,0,0,0,0,0,0
,Weighting of 50% Load,0.45,From ARI 550/590 Standard,,16-17,22.2,22.2,23.9,23.9,,16-17,1,0.1,1,0.10111871,1,0.1,,16-17,0.05,0.05,1,0.3,0.05,0.05,,16-17,0,0,0,0,0,0,,16-17,0,0,0,0,0,0,,16-17,0,0,0,0,0,0,,16-17,0,0,0,0,0,0,,16-17,0,0,0,0,0,0,,16-17,0,0,0,0,0,0,,16-17,0,0,0,0,0,0,,16-17,0,0,0,0,0,0
,Weighting of 25% Load,0.12,From ARI 550/590 Standard,,17-18,22.2,22.2,23.9,23.9,,17-18,1,0.1,1,0.10111871,1,0.1,,17-18,0.05,0.05,1,0.3,0.05,0.05,,17-18,0,0,0,0,0,0,,17-18,0,0,0,0,0,0,,17-18,0,0,0,0,0,0,,17-18,0,0,0,0,0,0,,17-18,0,0,0,0,0,0,,17-18,0,0,0,0,0,0,,17-18,0,0,0,0,0,0,,17-18,0,0,0,0,0,0
,HVAC System,,,,18-19,22.2,22.2,23.9,23.9,,18-19,0.1,0.05,0.10111871,0.10111871,0.1,0.1,,18-19,0.05,0.05,0.3,0.3,0.05,0.05,,18-19,0,0,0,0,0,0,,18-19,0,0,0,0,0,0,,18-19,0,0,0,0,0,0,,18-19,0,0,0,0,0,0,,18-19,0,0,0,0,0,0,,18-19,0,0,0,0,0,0,,18-19,0,0,0,0,0,0,,18-19,0,0,0,0,0,0
,"HVAC system type:
(System / Heat distrition by / Cold distribution by / room temp. cntrl)",24. Variable air volume / Water or Water&Air / Air / No,,,19-20,22.2,15.6,23.9,23.9,,19-20,0.1,0.05,0.10111871,0.10111871,0.1,0.1,,19-20,0.05,0.05,0.3,0.3,0.05,0.05,,19-20,0,0,0,0,0,0,,19-20,0,0,0,0,0,0,,19-20,0,0,0,0,0,0,,19-20,0,0,0,0,0,0,,19-20,0,0,0,0,0,0,,19-20,0,0,0,0,0,0,,19-20,0,0,0,0,0,0,,19-20,0,0,0,0,0,0
,Ventilation and Cooling type,1. Mechanical system only; no provision for natural ventilation,,,20-21,22.2,15.6,23.9,29.4,,20-21,0.1,0.05,0.10111871,0.10111871,0.1,0.1,,20-21,0.05,0.05,0.3,0.3,0.05,0.05,,20-21,0,0,0,0,0,0,,20-21,0,0,0,0,0,0,,20-21,0,0,0,0,0,0,,20-21,0,0,0,0,0,0,,20-21,0,0,0,0,0,0,,20-21,0,0,0,0,0,0,,20-21,0,0,0,0,0,0,,20-21,0,0,0,0,0,0
,Relative Humidity threshold for outside air cooling - upper limit (%),75,,,21-22,22.2,15.6,23.9,29.4,,21-22,0.1,0.05,0.10111871,0.10111871,0.1,0.1,,21-22,0.05,0.05,0.3,0.3,0.05,0.05,,21-22,0,0,0,0,0,0,,21-22,0,0,0,0,0,0,,21-22,0,0,0,0,0,0,,21-22,0,0,0,0,0,0,,21-22,0,0,0,0,0,0,,21-22,0,0,0,0,0,0,,21-22,0,0,0,0,0,0,,21-22,0,0,0,0,0,0
,Extra ventilation above fresh air supply (liter/s),0,(Only used for extra fan energy consumption),,22-23,22.2,15.6,23.9,29.4,,22-23,0.1,0.05,0.10111871,0.10111871,0.1,0.1,,22-23,0.05,0.05,0.3,0.3,0.05,0.05,,22-23,0,0,0,0,0,0,,22-23,0,0,0,0,0,0,,22-23,0,0,0,0,0,0,,22-23,0,0,0,0,0,0,,22-23,0,0,0,0,0,0,,22-23,0,0,0,0,0,0,,22-23,0,0,0,0,0,0,,22-23,0,0,0,0,0,0
,Heat recovery type,Slowly rotating or intermittent heat exchangers (0.7),,,23-24,22.2,15.6,23.9,29.4,,23-24,0.1,0.05,0.10111871,0.10111871,0.1,0.1,,23-24,0.05,0.05,0.3,0.3,0.05,0.05,,23-24,0,0,0,0,0,0,,23-24,0,0,0,0,0,0,,23-24,0,0,0,0,0,0,,23-24,0,0,0,0,0,0,,23-24,0,0,0,0,0,0,,23-24,0,0,0,0,0,0,,23-24,0,0,0,0,0,0,,23-24,0,0,0,0,0,0
,Exhaust air recirculation percentage,Exhaust air recirculation 20%,,,"Note: WD: Weekday, WE: Weekend, Tset,heat: Heating set-point temperature, Tset,cool: Cooling set-point temperature, Occ: Occupant, App: Appliance, Light: Lighting",,,,,,,,,,,,,,,,,,,,,,,,,,,,,,,,,,,,,,,,,,,,,,,,,,,,,,,,,,,,,,,,,,,,,,,,,,,,,,,,,,,,
,Building air leakage level (Air flow m3/h per floor area at Q4Pa),1.5,Refer to REF sheet (Infiltration ACH: 0.27),,,,,,,,,,,,,,,,,,,,,,,,,,,,,,,,,,,,,,,,,,,,,,,,,,,,,,,,,,,,,,,,,,,,,,,,,,,,,,,,,,,,,,
,Specific fan power [W/(l/s)],1.8,Average electromotor efficiency: Refer to REF sheet,,,,,,,,,,,,,,,,,,,,,,,,,,,,,,,,,,,,,,,,,,,,,,,,,,,,,,,,,,,,,,,,,,,,,,,,,,,,,,,,,,,,,,
,Fan flow control factor,1,Average control reduction factor: Refer to REF sheet,,Envelope,,,,,,,,,,,,,,,,,,,,,,,,,,,,,,,,,,,,,,,,,,,,,,,,,,,,,,,,,,,,,,,,,,,,,,,,,,,,,,,,,,,,
,Pump control for cooling,All other cases,,,,Oqaque1,Oqaque2,Window 1,,,,,Window 2,,,,,,,,,,,,,,,,,,,,,,,,,,,,,,,,,,,,,,,,,,,,,,,,,,,,,,,,,,,,,,,,,,,,,,,,,,,,
,Pump control for heating,All other cases,,,Orientation,"Area
[m2]","Area
[m2]","Area 
[m2]",Window1 Overhang Angle [degree],Window1 Fin  Angle [degree],Window1 Horizon Angle [degree],SRF2,Area [m2],Window1 Overhang Angle [degree],Window1 Fin  Angle [degree],Window1 Horizon Angle [degree],SRF2,,,,,,,,,,,,,,,,,,,,,,,,,,,,,,,,,,,,,,,,,,,,,,,,,,,,,,,,,,,,,,,,,,,,,,,,
,Domestic Hot Water System,,,,S,1818.005317,0,3613.794683,0,0,0,0.675024791,0,0,0,0,1,,,,,,,,,,,,,,,,,,,,,,,,,,,,,,,,,,,,,,,,,,,,,,,,,,,,,,,,,,,,,,,,,,,,,,,,
,DHW Distribution System ,Taps More Than 3m from Heat Generation,,,SE,0,0,0,0,0,0,0.675024791,0,0,0,0,1,,,,,,,,,,,,,,,,,,,,,,,,,,,,,,,,,,,,,,,,,,,,,,,,,,,,,,,,,,,,,,,,,,,,,,,,
,DHW Generation System,Electric (0.75),,,E,881.1592434,0,1751.550757,0,0,0,0.675024791,0,0,0,0,1,,,,,,,,,,,,,,,,,,,,,,,,,,,,,,,,,,,,,,,,,,,,,,,,,,,,,,,,,,,,,,,,,,,,,,,,
,Building Energy Management System,,,,NE,2031.752645,0,4038.677355,0,0,0,0.675024791,0,0,0,0,1,,,,,,,,,,,,,,,,,,,,,,,,,,,,,,,,,,,,,,,,,,,,,,,,,,,,,,,,,,,,,,,,,,,,,,,,
,Type of BEM system installed,2,Refer to REF sheet,,N,1955.599114,0,3887.300886,0,0,0,0.675024791,0,0,0,0,1,,,,,,,,,,,,,,,,,,,,,,,,,,,,,,,,,,,,,,,,,,,,,,,,,,,,,,,,,,,,,,,,,,,,,,,,
,,,,,NW,0,0,0,0,0,0,0.675024791,0,0,0,0,1,,,,,,,,,,,,,,,,,,,,,,,,,,,,,,,,,,,,,,,,,,,,,,,,,,,,,,,,,,,,,,,,,,,,,,,,
,Bldg Integrated Energy Generation System,,,,W,873.879591,0,1737.080409,0,0,0,0.675024791,0,0,0,0,1,,,,,,,,,,,,,,,,,,,,,,,,,,,,,,,,,,,,,,,,,,,,,,,,,,,,,,,,,,,,,,,,,,,,,,,,
,Photovoltaic System,,,,SW,2412.871731,0,4796.258269,0,0,0,0.675024791,0,0,0,0,1,,,,,,,,,,,,,,,,,,,,,,,,,,,,,,,,,,,,,,,,,,,,,,,,,,,,,,,,,,,,,,,,,,,,,,,,
,PV module Surface Area (m2),0,,,Roof(Hor),3792.01,0,0,0,0,0,1,0,0,0,0,1,,,,,,,,,,,,,,,,,,,,,,,,,,,,,,,,,,,,,,,,,,,,,,,,,,,,,,,,,,,,,,,,,,,,,,,,
,PV Module Orientation,S,,,Below grade,0,0,0,0,0,0,0,0,0,0,0,0,,,,,,,,,,,,,,,,,,,,,,,,,,,,,,,,,,,,,,,,,,,,,,,,,,,,,,,,,,,,,,,,,,,,,,,,
,PV Module Angle (tilt in degrees),30,,,"Refer to REFERENCE sheet for angle inputs for Overhang, Fin, and Horizon. None: 0.",,,,,,,,,,,,,,,,,,,,,,,,,,,,,,,,,,,,,,,,,,,,,,,,,,,,,,,,,,,,,,,,,,,,,,,,,,,,,,,,,,,,
,PV panel peak power coefficient (kW/m2),0.15,Refer to REF sheet,,Refer to REFERENCE sheet for shading device Shading Reduction Factor (SRF) from Internal or External Shading Device (Blind or Curtain). No shading device: 1.,,,,,,,,,,,,,,,,,,,,,,,,,,,,,,,,,,,,,,,,,,,,,,,,,,,,,,,,,,,,,,,,,,,,,,,,,,,,,,,,,,,,
,PV system performance factor (level of ventilation),0.7,Refer to REF sheet,,Material,,,,,,,,,,,,,,,,,,,,,,,,,,,,,,,,,,,,,,,,,,,,,,,,,,,,,,,,,,,,,,,,,,,,,,,,,,,,,,,,,,,,
,Solar Water Heating System,,,,Type,Uvalue [W/m2/K],Absorption coefficient,Emissivity,Solar Transmittance,,,,,,,,,,,,,,,,,,,,,,,,,,,,,,,,,,,,,,,,,,,,,,,,,,,,,,,,,,,,,,,,,,,,,,,,,,,,,,,,
,Solar Collector Surface Area (m2),0,,,Roof1,0.1647402,0.85,0.85,0,,,,,,,,,,,,,,,,,,,,,,,,,,,,,,,,,,,,,,,,,,,,,,,,,,,,,,,,,,,,,,,,,,,,,,,,,,,,,,,,
,SHW module orientation,S,,,Roof2,0,0,0,0,,,,,,,,,,,,,,,,,,,,,,,,,,,,,,,,,,,,,,,,,,,,,,,,,,,,,,,,,,,,,,,,,,,,,,,,,,,,,,,,
,SHW module angle (tilt in degrees),30,,,Opaque1,0.319590461,0.7,0.852,0,,,,,,,,,,,,,,,,,,,,,,,,,,,,,,,,,,,,,,,,,,,,,,,,,,,,,,,,,,,,,,,,,,,,,,,,,,,,,,,,
,Solar Collector Efficiency,0.5,From NEN 2916:1998,,Opaque2,0,0,0,0,,,,,,,,,,,,,,,,,,,,,,,,,,,,,,,,,,,,,,,,,,,,,,,,,,,,,,,,,,,,,,,,,,,,,,,,,,,,,,,,
,Wind Turbine System,,,,Window1,1.535320326,0,0.1,0.14,,,,,,,,,,,,,,,,,,,,,,,,,,,,,,,,,,,,,,,,,,,,,,,,,,,,,,,,,,,,,,,,,,,,,,,,,,,,,,,,
,Wind Turbine diameter [m],0,,,Window2,0,0,0,0,,,,,,,,,,,,,,,,,,,,,,,,,,,,,,,,,,,,,,,,,,,,,,,,,,,,,,,,,,,,,,,,,,,,,,,,,,,,,,,,
,Wind Turbine efficiency,0.4,,,,,,,,,,,,,,,,,,,,,,,,,,,,,,,,,,,,,,,,,,,,,,,,,,,,,,,,,,,,,,,,,,,,,,,,,,,,,,,,,,,,,,,
,,,,,,,,,,,,,,,,,,,,,,,,,,,,,,,,,,,,,,,,,,,,,,,,,,,,,,,,,,,,,,,,,,,,,,,,,,,,,,,,,,,,,,,,,
,Energy Sources ,,,,,,,,,,,,,,,,,,,,,,,,,,,,,,,,,,,,,,,,,,,,,,,,,,,,,,,,,,,,,,,,,,,,,,,,,,,,,,,,,,,,,,,,
,Primary energy source for Heating,Electricity,,,,,,,,,,,,,,,,,,,,,,,,,,,,,,,,,,,,,,,,,,,,,,,,,,,,,,,,,,,,,,,,,,,,,,,,,,,,,,,,,,,,,,,
,Primary energy source for DHW,Electricity,,,,,,,,,,,,,,,,,,,,,,,,,,,,,,,,,,,,,,,,,,,,,,,,,,,,,,,,,,,,,,,,,,,,,,,,,,,,,,,,,,,,,,,
,Primary energy source for Cooling,Electricity,,,,,,,,,,,,,,,,,,,,,,,,,,,,,,,,,,,,,,,,,,,,,,,,,,,,,,,,,,,,,,,,,,,,,,,,,,,,,,,,,,,,,,,
,,,,,,,,,,,,,,,,,,,,,,,,,,,,,,,,,,,,,,,,,,,,,,,,,,,,,,,,,,,,,,,,,,,,,,,,,,,,,,,,,,,,,,,,,
,Primary and Emission Factor,Primary Energy Factor ,CO2 Emission Coefficient [g/kWh],,,,,,,,,,,,,,,,,,,,,,,,,,,,,,,,,,,,,,,,,,,,,,,,,,,,,,,,,,,,,,,,,,,,,,,,,,,,,,,,,,,,,,
,Electricity,3.39,744,,,,,,,,,,,,,,,,,,,,,,,,,,,,,,,,,,,,,,,,,,,,,,,,,,,,,,,,,,,,,,,,,,,,,,,,,,,,,,,,,,,,,,
,Natural Gas,1.09,277,,,,,,,,,,,,,,,,,,,,,,,,,,,,,,,,,,,,,,,,,,,,,,,,,,,,,,,,,,,,,,,,,,,,,,,,,,,,,,,,,,,,,,
,Fuel,1.19,330,,,,,,,,,,,,,,,,,,,,,,,,,,,,,,,,,,,,,,,,,,,,,,,,,,,,,,,,,,,,,,,,,,,,,,,,,,,,,,,,,,,,,,
,,,"* Atlanta, GA",,,,,,,,,,,,,,,,,,,,,,,,,,,,,,,,,,,,,,,,,,,,,,,,,,,,,,,,,,,,,,,,,,,,,,,,,,,,,,,,,,,,,,
,,,,,,,,,,,,,,,,,,,,,,,,,,,,,,,,,,,,,,,,,,,,,,,,,,,,,,,,,,,,,,,,,,,,,,,,,,,,,,,,,,,,,,,,,
,,,,,,,,,,,,,,,,,,,,,,,,,,,,,,,,,,,,,,,,,,,,,,,,,,,,,,,,,,,,,,,,,,,,,,,,,,,,,,,,,,,,,,,,,
DO NOT DELETE OR REMOVE,,,,,,,,,,,,,,,,,,,,,,,,,,,,,,,,,,,,,,,,,,,,,,,,,,,,,,,,,,,,,,,,,,,,,,,,,,,,,,,,,,,,,,,,,
List for Dropdown Menu,,,,,,,,,,,,,,,,,,,,,,,,,,,,,,,,,,,,,,,,,,,,,,,,,,,,,,,,,,,,,,,,,,,,,,,,,,,,,,,,,,,,,,,,,
,Terrain Class,,,,,,,,,,,,,,,,,,,,,,,,,,,,,,,,,,,,,,,,,,,,,,,,,,,,,,,,,,,,,,,,,,,,,,,,,,,,,,,,,,,,,,,,
,Open terrain,,,,,,,,,,,,,,,,,,,,,,,,,,,,,,,,,,,,,,,,,,,,,,,,,,,,,,,,,,,,,,,,,,,,,,,,,,,,,,,,,,,,,,,,
,Country,,,,,,,,,,,,,,,,,,,,,,,,,,,,,,,,,,,,,,,,,,,,,,,,,,,,,,,,,,,,,,,,,,,,,,,,,,,,,,,,,,,,,,,,
,Urban / City,,,,,,,,,,,,,,,,,,,,,,,,,,,,,,,,,,,,,,,,,,,,,,,,,,,,,,,,,,,,,,,,,,,,,,,,,,,,,,,,,,,,,,,,
,,,,,,,,,,,,,,,,,,,,,,,,,,,,,,,,,,,,,,,,,,,,,,,,,,,,,,,,,,,,,,,,,,,,,,,,,,,,,,,,,,,,,,,,,
,Envelope Heat Capacity Class,,,,,,,,,,,,,,,,,,,,,,,,,,,,,,,,,,,,,,,,,,,,,,,,,,,,,,,,,,,,,,,,,,,,,,,,,,,,,,,,,,,,,,,,
,"Very Light: 80,000 * Af",,,,,,,,,,,,,,,,,,,,,,,,,,,,,,,,,,,,,,,,,,,,,,,,,,,,,,,,,,,,,,,,,,,,,,,,,,,,,,,,,,,,,,,,
,"Light : 110,000 * Af",,,,,,,,,,,,,,,,,,,,,,,,,,,,,,,,,,,,,,,,,,,,,,,,,,,,,,,,,,,,,,,,,,,,,,,,,,,,,,,,,,,,,,,,
,"Medium: 165,000 * Af",,,,,,,,,,,,,,,,,,,,,,,,,,,,,,,,,,,,,,,,,,,,,,,,,,,,,,,,,,,,,,,,,,,,,,,,,,,,,,,,,,,,,,,,
,"Heavy: 260,000 * Af",,,,,,,,,,,,,,,,,,,,,,,,,,,,,,,,,,,,,,,,,,,,,,,,,,,,,,,,,,,,,,,,,,,,,,,,,,,,,,,,,,,,,,,,
,"Very heavy: 370,000 * Af",,,,,,,,,,,,,,,,,,,,,,,,,,,,,,,,,,,,,,,,,,,,,,,,,,,,,,,,,,,,,,,,,,,,,,,,,,,,,,,,,,,,,,,,
,,,,,,,,,,,,,,,,,,,,,,,,,,,,,,,,,,,,,,,,,,,,,,,,,,,,,,,,,,,,,,,,,,,,,,,,,,,,,,,,,,,,,,,,,
,Parasitic Lighting Energy,,,,,,,,,,,,,,,,,,,,,,,,,,,,,,,,,,,,,,,,,,,,,,,,,,,,,,,,,,,,,,,,,,,,,,,,,,,,,,,,,,,,,,,,
,Yes,,,,,,,,,,,,,,,,,,,,,,,,,,,,,,,,,,,,,,,,,,,,,,,,,,,,,,,,,,,,,,,,,,,,,,,,,,,,,,,,,,,,,,,,
,No,,,,,,,,,,,,,,,,,,,,,,,,,,,,,,,,,,,,,,,,,,,,,,,,,,,,,,,,,,,,,,,,,,,,,,,,,,,,,,,,,,,,,,,,
,,,,,,,,,,,,,,,,,,,,,,,,,,,,,,,,,,,,,,,,,,,,,,,,,,,,,,,,,,,,,,,,,,,,,,,,,,,,,,,,,,,,,,,,,
,HVAC System type (Heat distribution/ Cold distribution/ Room temperature control),,,,,,,,,,,,,,,,,,,,,,,,,,,,,,,,,,,,,,,,,,,,,,,,,,,,,,,,,,,,,,,,,,,,,,,,,,,,,,,,,,,,,,,,
,1. No airco system / Water or Water&Air / NA / Yes ,,,,,,,,,,,,,,,,,,,,,,,,,,,,,,,,,,,,,,,,,,,,,,,,,,,,,,,,,,,,,,,,,,,,,,,,,,,,,,,,,,,,,,,,
,2. No airco system / Water or Water&Air / NA / No,,,,,,,,,,,,,,,,,,,,,,,,,,,,,,,,,,,,,,,,,,,,,,,,,,,,,,,,,,,,,,,,,,,,,,,,,,,,,,,,,,,,,,,,
,3. No airco system / Air / NA /  Yes,,,,,,,,,,,,,,,,,,,,,,,,,,,,,,,,,,,,,,,,,,,,,,,,,,,,,,,,,,,,,,,,,,,,,,,,,,,,,,,,,,,,,,,,
,4. No airco system / Air / NA /  No,,,,,,,,,,,,,,,,,,,,,,,,,,,,,,,,,,,,,,,,,,,,,,,,,,,,,,,,,,,,,,,,,,,,,,,,,,,,,,,,,,,,,,,,
,5. Single duct system / Water or Water&Air / Water / Yes,,,,,,,,,,,,,,,,,,,,,,,,,,,,,,,,,,,,,,,,,,,,,,,,,,,,,,,,,,,,,,,,,,,,,,,,,,,,,,,,,,,,,,,,
,6 .Single duct system / Water or Water&Air / Air / Yes,,,,,,,,,,,,,,,,,,,,,,,,,,,,,,,,,,,,,,,,,,,,,,,,,,,,,,,,,,,,,,,,,,,,,,,,,,,,,,,,,,,,,,,,
,7. Single duct system / Water or Water&Air / Air / No,,,,,,,,,,,,,,,,,,,,,,,,,,,,,,,,,,,,,,,,,,,,,,,,,,,,,,,,,,,,,,,,,,,,,,,,,,,,,,,,,,,,,,,,
,8. Single duct system / Air  / Air / Yes,,,,,,,,,,,,,,,,,,,,,,,,,,,,,,,,,,,,,,,,,,,,,,,,,,,,,,,,,,,,,,,,,,,,,,,,,,,,,,,,,,,,,,,,
,9. Single duct system / Air / Air / No,,,,,,,,,,,,,,,,,,,,,,,,,,,,,,,,,,,,,,,,,,,,,,,,,,,,,,,,,,,,,,,,,,,,,,,,,,,,,,,,,,,,,,,,
,10. Dual duct system / Water or Water&Air / Water / Yes,,,,,,,,,,,,,,,,,,,,,,,,,,,,,,,,,,,,,,,,,,,,,,,,,,,,,,,,,,,,,,,,,,,,,,,,,,,,,,,,,,,,,,,,
,11. Dual duct system / Water or Water&Air / Air / Yes,,,,,,,,,,,,,,,,,,,,,,,,,,,,,,,,,,,,,,,,,,,,,,,,,,,,,,,,,,,,,,,,,,,,,,,,,,,,,,,,,,,,,,,,
,12. Dual duct system  / Water or Water&Air / Air / No,,,,,,,,,,,,,,,,,,,,,,,,,,,,,,,,,,,,,,,,,,,,,,,,,,,,,,,,,,,,,,,,,,,,,,,,,,,,,,,,,,,,,,,,
,13. Dual duct system / Air / Water / Yes,,,,,,,,,,,,,,,,,,,,,,,,,,,,,,,,,,,,,,,,,,,,,,,,,,,,,,,,,,,,,,,,,,,,,,,,,,,,,,,,,,,,,,,,
,"14. Single duct , Terminal reheat / Water or Water&Air / Water / Yes",,,,,,,,,,,,,,,,,,,,,,,,,,,,,,,,,,,,,,,,,,,,,,,,,,,,,,,,,,,,,,,,,,,,,,,,,,,,,,,,,,,,,,,,
,"15. Single duct , Terminal reheat  / Water or Water&Air / Air / Yes",,,,,,,,,,,,,,,,,,,,,,,,,,,,,,,,,,,,,,,,,,,,,,,,,,,,,,,,,,,,,,,,,,,,,,,,,,,,,,,,,,,,,,,,
,"16. Single duct , Terminal reheat / Water or Water&Air / Air / No",,,,,,,,,,,,,,,,,,,,,,,,,,,,,,,,,,,,,,,,,,,,,,,,,,,,,,,,,,,,,,,,,,,,,,,,,,,,,,,,,,,,,,,,
,17. Constant volume / Water or Water&Air / Water / Yes,,,,,,,,,,,,,,,,,,,,,,,,,,,,,,,,,,,,,,,,,,,,,,,,,,,,,,,,,,,,,,,,,,,,,,,,,,,,,,,,,,,,,,,,
,18. Constant volume / Water or Water&Air / Air / Yes,,,,,,,,,,,,,,,,,,,,,,,,,,,,,,,,,,,,,,,,,,,,,,,,,,,,,,,,,,,,,,,,,,,,,,,,,,,,,,,,,,,,,,,,
,19. Constant volume / Water or Water&Air / Air / No,,,,,,,,,,,,,,,,,,,,,,,,,,,,,,,,,,,,,,,,,,,,,,,,,,,,,,,,,,,,,,,,,,,,,,,,,,,,,,,,,,,,,,,,
,20. Constant volume / Air  / Air / Yes,,,,,,,,,,,,,,,,,,,,,,,,,,,,,,,,,,,,,,,,,,,,,,,,,,,,,,,,,,,,,,,,,,,,,,,,,,,,,,,,,,,,,,,,
,21. Constant volume / Air / Air / No,,,,,,,,,,,,,,,,,,,,,,,,,,,,,,,,,,,,,,,,,,,,,,,,,,,,,,,,,,,,,,,,,,,,,,,,,,,,,,,,,,,,,,,,
,22. Variable air volume / Water or Water&Air / Water / Yes,,,,,,,,,,,,,,,,,,,,,,,,,,,,,,,,,,,,,,,,,,,,,,,,,,,,,,,,,,,,,,,,,,,,,,,,,,,,,,,,,,,,,,,,
,23. Variable air volume / Water or Water&Air / Air / Yes,,,,,,,,,,,,,,,,,,,,,,,,,,,,,,,,,,,,,,,,,,,,,,,,,,,,,,,,,,,,,,,,,,,,,,,,,,,,,,,,,,,,,,,,
,24. Variable air volume / Water or Water&Air / Air / No,,,,,,,,,,,,,,,,,,,,,,,,,,,,,,,,,,,,,,,,,,,,,,,,,,,,,,,,,,,,,,,,,,,,,,,,,,,,,,,,,,,,,,,,
,"25. Fan coil system, 2-pipe",,,,,,,,,,,,,,,,,,,,,,,,,,,,,,,,,,,,,,,,,,,,,,,,,,,,,,,,,,,,,,,,,,,,,,,,,,,,,,,,,,,,,,,,
,"26. Fan coil system, 3-pipe",,,,,,,,,,,,,,,,,,,,,,,,,,,,,,,,,,,,,,,,,,,,,,,,,,,,,,,,,,,,,,,,,,,,,,,,,,,,,,,,,,,,,,,,
,"27. Fan coil system, 4-pipe",,,,,,,,,,,,,,,,,,,,,,,,,,,,,,,,,,,,,,,,,,,,,,,,,,,,,,,,,,,,,,,,,,,,,,,,,,,,,,,,,,,,,,,,
,"28. Induction system, 2-pipe non change over",,,,,,,,,,,,,,,,,,,,,,,,,,,,,,,,,,,,,,,,,,,,,,,,,,,,,,,,,,,,,,,,,,,,,,,,,,,,,,,,,,,,,,,,
,"29. Induction system, 2-pipe change over",,,,,,,,,,,,,,,,,,,,,,,,,,,,,,,,,,,,,,,,,,,,,,,,,,,,,,,,,,,,,,,,,,,,,,,,,,,,,,,,,,,,,,,,
,"30. Induction system, 3-pipe",,,,,,,,,,,,,,,,,,,,,,,,,,,,,,,,,,,,,,,,,,,,,,,,,,,,,,,,,,,,,,,,,,,,,,,,,,,,,,,,,,,,,,,,
,"31. Induction system, 4-pipe",,,,,,,,,,,,,,,,,,,,,,,,,,,,,,,,,,,,,,,,,,,,,,,,,,,,,,,,,,,,,,,,,,,,,,,,,,,,,,,,,,,,,,,,
,32. 2-pipe radiant cooling panels (chilled ceilings & passive chilled beams),,,,,,,,,,,,,,,,,,,,,,,,,,,,,,,,,,,,,,,,,,,,,,,,,,,,,,,,,,,,,,,,,,,,,,,,,,,,,,,,,,,,,,,,
,33. 4-pipe radiant cooling panels (chilled ceilings & passive chilled beams),,,,,,,,,,,,,,,,,,,,,,,,,,,,,,,,,,,,,,,,,,,,,,,,,,,,,,,,,,,,,,,,,,,,,,,,,,,,,,,,,,,,,,,,
,"34. Embedded cooling system floors, walls or ceilings",,,,,,,,,,,,,,,,,,,,,,,,,,,,,,,,,,,,,,,,,,,,,,,,,,,,,,,,,,,,,,,,,,,,,,,,,,,,,,,,,,,,,,,,
,35. Room units including single duct units,,,,,,,,,,,,,,,,,,,,,,,,,,,,,,,,,,,,,,,,,,,,,,,,,,,,,,,,,,,,,,,,,,,,,,,,,,,,,,,,,,,,,,,,
,36. Direct expansion single split system,,,,,,,,,,,,,,,,,,,,,,,,,,,,,,,,,,,,,,,,,,,,,,,,,,,,,,,,,,,,,,,,,,,,,,,,,,,,,,,,,,,,,,,,
,37. Direct expansion single split system including variable refrigerant flow systems,,,,,,,,,,,,,,,,,,,,,,,,,,,,,,,,,,,,,,,,,,,,,,,,,,,,,,,,,,,,,,,,,,,,,,,,,,,,,,,,,,,,,,,,
,,,,,,,,,,,,,,,,,,,,,,,,,,,,,,,,,,,,,,,,,,,,,,,,,,,,,,,,,,,,,,,,,,,,,,,,,,,,,,,,,,,,,,,,,
,Ventilation fan,,,,,,,,,,,,,,,,,,,,,,,,,,,,,,,,,,,,,,,,,,,,,,,,,,,,,,,,,,,,,,,,,,,,,,,,,,,,,,,,,,,,,,,,
,1. Mechanical system only; no provision for natural ventilation,,,,,,,,,,,,,,,,,,,,,,,,,,,,,,,,,,,,,,,,,,,,,,,,,,,,,,,,,,,,,,,,,,,,,,,,,,,,,,,,,,,,,,,,
,2. Mech. w/ optimal natural outside air cooling (whenever possible),,,,,,,,,,,,,,,,,,,,,,,,,,,,,,,,,,,,,,,,,,,,,,,,,,,,,,,,,,,,,,,,,,,,,,,,,,,,,,,,,,,,,,,,
,"3. Same as 2, with fully natural fresh air supply (always)",,,,,,,,,,,,,,,,,,,,,,,,,,,,,,,,,,,,,,,,,,,,,,,,,,,,,,,,,,,,,,,,,,,,,,,,,,,,,,,,,,,,,,,,
,,,,,,,,,,,,,,,,,,,,,,,,,,,,,,,,,,,,,,,,,,,,,,,,,,,,,,,,,,,,,,,,,,,,,,,,,,,,,,,,,,,,,,,,,
,Heat recovery system,,,,,,,,,,,,,,,,,,,,,,,,,,,,,,,,,,,,,,,,,,,,,,,,,,,,,,,,,,,,,,,,,,,,,,,,,,,,,,,,,,,,,,,,
,No heat recovery,,,,,,,,,,,,,,,,,,,,,,,,,,,,,,,,,,,,,,,,,,,,,,,,,,,,,,,,,,,,,,,,,,,,,,,,,,,,,,,,,,,,,,,,
,Heat exchange plates or pipes (0.65),,,,,,,,,,,,,,,,,,,,,,,,,,,,,,,,,,,,,,,,,,,,,,,,,,,,,,,,,,,,,,,,,,,,,,,,,,,,,,,,,,,,,,,,
,Two-elements-system (0.6),,,,,,,,,,,,,,,,,,,,,,,,,,,,,,,,,,,,,,,,,,,,,,,,,,,,,,,,,,,,,,,,,,,,,,,,,,,,,,,,,,,,,,,,
,Loading cold with air-conditioning (0.4),,,,,,,,,,,,,,,,,,,,,,,,,,,,,,,,,,,,,,,,,,,,,,,,,,,,,,,,,,,,,,,,,,,,,,,,,,,,,,,,,,,,,,,,
,Heat-pipes (0.6),,,,,,,,,,,,,,,,,,,,,,,,,,,,,,,,,,,,,,,,,,,,,,,,,,,,,,,,,,,,,,,,,,,,,,,,,,,,,,,,,,,,,,,,
,Slowly rotating or intermittent heat exchangers (0.7),,,,,,,,,,,,,,,,,,,,,,,,,,,,,,,,,,,,,,,,,,,,,,,,,,,,,,,,,,,,,,,,,,,,,,,,,,,,,,,,,,,,,,,,
,,,,,,,,,,,,,,,,,,,,,,,,,,,,,,,,,,,,,,,,,,,,,,,,,,,,,,,,,,,,,,,,,,,,,,,,,,,,,,,,,,,,,,,,,
,Exhaust air recirculation %,,,,,,,,,,,,,,,,,,,,,,,,,,,,,,,,,,,,,,,,,,,,,,,,,,,,,,,,,,,,,,,,,,,,,,,,,,,,,,,,,,,,,,,,
,No exhaust air recirculation,,,,,,,,,,,,,,,,,,,,,,,,,,,,,,,,,,,,,,,,,,,,,,,,,,,,,,,,,,,,,,,,,,,,,,,,,,,,,,,,,,,,,,,,
,Exhaust air recirculation 20%,,,,,,,,,,,,,,,,,,,,,,,,,,,,,,,,,,,,,,,,,,,,,,,,,,,,,,,,,,,,,,,,,,,,,,,,,,,,,,,,,,,,,,,,
,Exhaust air recirculation  40%,,,,,,,,,,,,,,,,,,,,,,,,,,,,,,,,,,,,,,,,,,,,,,,,,,,,,,,,,,,,,,,,,,,,,,,,,,,,,,,,,,,,,,,,
,Exhaust air recirculation  60%,,,,,,,,,,,,,,,,,,,,,,,,,,,,,,,,,,,,,,,,,,,,,,,,,,,,,,,,,,,,,,,,,,,,,,,,,,,,,,,,,,,,,,,,
,,,,,,,,,,,,,,,,,,,,,,,,,,,,,,,,,,,,,,,,,,,,,,,,,,,,,,,,,,,,,,,,,,,,,,,,,,,,,,,,,,,,,,,,,
,Pump Control for cooling,,,,,,,,,,,,,,,,,,,,,,,,,,,,,,,,,,,,,,,,,,,,,,,,,,,,,,,,,,,,,,,,,,,,,,,,,,,,,,,,,,,,,,,,
,No pump for cooling,,,,,,,,,,,,,,,,,,,,,,,,,,,,,,,,,,,,,,,,,,,,,,,,,,,,,,,,,,,,,,,,,,,,,,,,,,,,,,,,,,,,,,,,
,Automatic control more than 50%,,,,,,,,,,,,,,,,,,,,,,,,,,,,,,,,,,,,,,,,,,,,,,,,,,,,,,,,,,,,,,,,,,,,,,,,,,,,,,,,,,,,,,,,
,All other cases,,,,,,,,,,,,,,,,,,,,,,,,,,,,,,,,,,,,,,,,,,,,,,,,,,,,,,,,,,,,,,,,,,,,,,,,,,,,,,,,,,,,,,,,
,,,,,,,,,,,,,,,,,,,,,,,,,,,,,,,,,,,,,,,,,,,,,,,,,,,,,,,,,,,,,,,,,,,,,,,,,,,,,,,,,,,,,,,,,
,Pump Control for heating,,,,,,,,,,,,,,,,,,,,,,,,,,,,,,,,,,,,,,,,,,,,,,,,,,,,,,,,,,,,,,,,,,,,,,,,,,,,,,,,,,,,,,,,
,No pump for heating,,,,,,,,,,,,,,,,,,,,,,,,,,,,,,,,,,,,,,,,,,,,,,,,,,,,,,,,,,,,,,,,,,,,,,,,,,,,,,,,,,,,,,,,
,Automatic control more than 50%,,,,,,,,,,,,,,,,,,,,,,,,,,,,,,,,,,,,,,,,,,,,,,,,,,,,,,,,,,,,,,,,,,,,,,,,,,,,,,,,,,,,,,,,
,All other cases,,,,,,,,,,,,,,,,,,,,,,,,,,,,,,,,,,,,,,,,,,,,,,,,,,,,,,,,,,,,,,,,,,,,,,,,,,,,,,,,,,,,,,,,
,,,,,,,,,,,,,,,,,,,,,,,,,,,,,,,,,,,,,,,,,,,,,,,,,,,,,,,,,,,,,,,,,,,,,,,,,,,,,,,,,,,,,,,,,
,DHW distribution system efficiency,,,,,,,,,,,,,,,,,,,,,,,,,,,,,,,,,,,,,,,,,,,,,,,,,,,,,,,,,,,,,,,,,,,,,,,,,,,,,,,,,,,,,,,,
,All Taps Within 3m from Heat Generation,,,,,,,,,,,,,,,,,,,,,,,,,,,,,,,,,,,,,,,,,,,,,,,,,,,,,,,,,,,,,,,,,,,,,,,,,,,,,,,,,,,,,,,,
,Taps More Than 3m from Heat Generation,,,,,,,,,,,,,,,,,,,,,,,,,,,,,,,,,,,,,,,,,,,,,,,,,,,,,,,,,,,,,,,,,,,,,,,,,,,,,,,,,,,,,,,,
,Circulation system or Unknown,,,,,,,,,,,,,,,,,,,,,,,,,,,,,,,,,,,,,,,,,,,,,,,,,,,,,,,,,,,,,,,,,,,,,,,,,,,,,,,,,,,,,,,,
,,,,,,,,,,,,,,,,,,,,,,,,,,,,,,,,,,,,,,,,,,,,,,,,,,,,,,,,,,,,,,,,,,,,,,,,,,,,,,,,,,,,,,,,,
,DHW generation system efficiency,,,,,,,,,,,,,,,,,,,,,,,,,,,,,,,,,,,,,,,,,,,,,,,,,,,,,,,,,,,,,,,,,,,,,,,,,,,,,,,,,,,,,,,,
,Electric (0.75),,,,,,,,,,,,,,,,,,,,,,,,,,,,,,,,,,,,,,,,,,,,,,,,,,,,,,,,,,,,,,,,,,,,,,,,,,,,,,,,,,,,,,,,
,VR-Boiler (0.61),,,,,,,,,,,,,,,,,,,,,,,,,,,,,,,,,,,,,,,,,,,,,,,,,,,,,,,,,,,,,,,,,,,,,,,,,,,,,,,,,,,,,,,,
,"Gas Boiler, HR-Boiler (0.75)",,,,,,,,,,,,,,,,,,,,,,,,,,,,,,,,,,,,,,,,,,,,,,,,,,,,,,,,,,,,,,,,,,,,,,,,,,,,,,,,,,,,,,,,
,Co-Generation (0.9),,,,,,,,,,,,,,,,,,,,,,,,,,,,,,,,,,,,,,,,,,,,,,,,,,,,,,,,,,,,,,,,,,,,,,,,,,,,,,,,,,,,,,,,
,District Heating (0.9),,,,,,,,,,,,,,,,,,,,,,,,,,,,,,,,,,,,,,,,,,,,,,,,,,,,,,,,,,,,,,,,,,,,,,,,,,,,,,,,,,,,,,,,
,Heat Pump (1.4),,,,,,,,,,,,,,,,,,,,,,,,,,,,,,,,,,,,,,,,,,,,,,,,,,,,,,,,,,,,,,,,,,,,,,,,,,,,,,,,,,,,,,,,
,Steam (0.61),,,,,,,,,,,,,,,,,,,,,,,,,,,,,,,,,,,,,,,,,,,,,,,,,,,,,,,,,,,,,,,,,,,,,,,,,,,,,,,,,,,,,,,,
,,,,,,,,,,,,,,,,,,,,,,,,,,,,,,,,,,,,,,,,,,,,,,,,,,,,,,,,,,,,,,,,,,,,,,,,,,,,,,,,,,,,,,,,,
,PV panel peak power coefficient (efficiency) limits,,,,,,,,,,,,,,,,,,,,,,,,,,,,,,,,,,,,,,,,,,,,,,,,,,,,,,,,,,,,,,,,,,,,,,,,,,,,,,,,,,,,,,,,
,0,,,,,,,,,,,,,,,,,,,,,,,,,,,,,,,,,,,,,,,,,,,,,,,,,,,,,,,,,,,,,,,,,,,,,,,,,,,,,,,,,,,,,,,,
,1,,,,,,,,,,,,,,,,,,,,,,,,,,,,,,,,,,,,,,,,,,,,,,,,,,,,,,,,,,,,,,,,,,,,,,,,,,,,,,,,,,,,,,,,
,,,,,,,,,,,,,,,,,,,,,,,,,,,,,,,,,,,,,,,,,,,,,,,,,,,,,,,,,,,,,,,,,,,,,,,,,,,,,,,,,,,,,,,,,
,PV system performance factor (level of ventilation) limits,,,,,,,,,,,,,,,,,,,,,,,,,,,,,,,,,,,,,,,,,,,,,,,,,,,,,,,,,,,,,,,,,,,,,,,,,,,,,,,,,,,,,,,,
,0,,,,,,,,,,,,,,,,,,,,,,,,,,,,,,,,,,,,,,,,,,,,,,,,,,,,,,,,,,,,,,,,,,,,,,,,,,,,,,,,,,,,,,,,
,1,,,,,,,,,,,,,,,,,,,,,,,,,,,,,,,,,,,,,,,,,,,,,,,,,,,,,,,,,,,,,,,,,,,,,,,,,,,,,,,,,,,,,,,,
,,,,,,,,,,,,,,,,,,,,,,,,,,,,,,,,,,,,,,,,,,,,,,,,,,,,,,,,,,,,,,,,,,,,,,,,,,,,,,,,,,,,,,,,,
,Solar Collector Efficiency limits,,,,,,,,,,,,,,,,,,,,,,,,,,,,,,,,,,,,,,,,,,,,,,,,,,,,,,,,,,,,,,,,,,,,,,,,,,,,,,,,,,,,,,,,
,0,,,,,,,,,,,,,,,,,,,,,,,,,,,,,,,,,,,,,,,,,,,,,,,,,,,,,,,,,,,,,,,,,,,,,,,,,,,,,,,,,,,,,,,,
,1,,,,,,,,,,,,,,,,,,,,,,,,,,,,,,,,,,,,,,,,,,,,,,,,,,,,,,,,,,,,,,,,,,,,,,,,,,,,,,,,,,,,,,,,
,,,,,,,,,,,,,,,,,,,,,,,,,,,,,,,,,,,,,,,,,,,,,,,,,,,,,,,,,,,,,,,,,,,,,,,,,,,,,,,,,,,,,,,,,
,Primary Energy Source,,,,,,,,,,,,,,,,,,,,,,,,,,,,,,,,,,,,,,,,,,,,,,,,,,,,,,,,,,,,,,,,,,,,,,,,,,,,,,,,,,,,,,,,
,Electricity,,,,,,,,,,,,,,,,,,,,,,,,,,,,,,,,,,,,,,,,,,,,,,,,,,,,,,,,,,,,,,,,,,,,,,,,,,,,,,,,,,,,,,,,
,Natural Gas,,,,,,,,,,,,,,,,,,,,,,,,,,,,,,,,,,,,,,,,,,,,,,,,,,,,,,,,,,,,,,,,,,,,,,,,,,,,,,,,,,,,,,,,
,Fuel,,,,,,,,,,,,,,,,,,,,,,,,,,,,,,,,,,,,,,,,,,,,,,,,,,,,,,,,,,,,,,,,,,,,,,,,,,,,,,,,,,,,,,,,
,,,,,,,,,,,,,,,,,,,,,,,,,,,,,,,,,,,,,,,,,,,,,,,,,,,,,,,,,,,,,,,,,,,,,,,,,,,,,,,,,,,,,,,,,
,,,,,,,,,,,,,,,,,,,,,,,,,,,,,,,,,,,,,,,,,,,,,,,,,,,,,,,,,,,,,,,,,,,,,,,,,,,,,,,,,,,,,,,,,
,,,,,,,,,,,,,,,,,,,,,,,,,,,,,,,,,,,,,,,,,,,,,,,,,,,,,,,,,,,,,,,,,,,,,,,,,,,,,,,,,,,,,,,,,
,,OBJECTIVE FUCTION (choose one of the cells below as the objective function ),,,Green = inputs,Blue = variable limits,,Orange = selected values,,,,Building Utility Data (original inputs),,,,,,,Building Utility Data (kWh),,,,,,,,Building Simulation Calculations (kWh),,,,,,Root Mean Squared Calculations,,,,,,,,,,,,,,,,,,,,,,,,,,,,,,,,,,,,,,,,,,,,,,,,,,,,,,,,
,,,,,,,,,,,,,,,,,,,,,,,,,,,,,,,,,,,,,,,,,,,,,,,,,,,,,,,,,,,,,,,,,,,,,,,,,,,,,,,,,,,,,,,,,
,,RSME,2.30%,,Calibration Parameters (continuous variables),,,,,,,Month,Electricity,Chilled W.,Steam,Gas,,,Month,Electricity,Chilled W.,Steam,Gas,,,,Month,Electricity,Chilled W.,Steam,Gas,,Month,Squared Difference,Percent Difference,,,,,,,,,,,,,,,,,,,,,,,,,,,,,,,,,,,,,,,,,,,,,,,,,,,,,,
,,CV RSME,4.28%,,Parameter,Unit.,Cell,Minimum,Maximum,Selection,,,(kWh),(Ton Hr),(mlb),(therm),,,,(kWh),(kWh),(kWh),(kWh),,,,,(kWh),(kWh),(kWh),(kWh),Retail,,,,,,,,,,,,,,,,,,,,,,,,,,,,,,,,,,,,,,,,,,,,,,,,,,,,,,,,,
,,Overall difference during entire year,3.31%,,Heating COP,kW/kW,C26,0,1,0.9773,,Jan,"608,950.57",,,,,,Jan,"608,950.57", -   , -  , -   ,,"30,371.41",,Jan,"584,560.19", -   , -   , -   ,"3,323.73",Jan,"54,080,969.82",4.01%,24390.38,,,,,,,,,,,,,,,,,,,,,,,,,,,,,,,,,,,,,,,,,,,,,,,,,,,,,
,,,,,Cooling COP,kW/kW,C27,1.5,5,4.0207,,Feb,"551,542.00",,,,,,Feb,"551,542.00", -   , -  , -   ,,,,Feb,"492,205.21", -   , -   , -   ,"4,532.98",Feb,"320,077,712.97",10.76%,59336.79,,,,,,,,,,,,,,,,,,,,,,,,,,,,,,,,,,,,,,,,,,,,,,,,,,,,,
,,,,,Building air leakage level,(m3/h)/m2,C45,0.5,3,1.5282,,Mar,"566,962.88",,,,,,Mar,"566,962.88", -   , -  , -   ,,,,Mar,"552,966.57", -   , -   , -   ,"9,997.79",Mar,"17,808,787.78",2.47%,13996.31,,,,,,,,,,,,,,,,,,,,,,,,,,,,,,,,,,,,,,,,,,,,,,,,,,,,,
,,,,,Appliance,W/m2,G13,6,20,8.1165,,Apr,"546,668.28",,,,,,Apr,"546,668.28", -   , -  , -   ,,,,Apr,"566,300.56", -   , -   , -   ,"10,885.36",Apr,"35,038,765.37",3.59%,-19632.28,,,,,,,,,,,,,,,,,,,,,,,,,,,,,,,,,,,,,,,,,,,,,,,,,,,,,
,,Conversion factors:,,,Lighting,W/m2,G14,5,20,10.896,,May,"612,831.52",,,,,,May,"612,831.52", -   , -  , -   ,,,,May,"608,028.25", -   , -   , -   ,"13,651.54",May,"2,097,400.46",0.78%,4803.27,,,,,,,,,,,,,,,,,,,,,,,,,,,,,,,,,,,,,,,,,,,,,,,,,,,,,
,,1 Ton Hour to kWh,3.5169,,U-Value,W/(m2*K),G68,1.2,3,1.8968,,Jun,"653,556.00",,,,,,Jun,"653,556.00", -   , -  , -   ,,,,Jun,"644,284.71", -   , -   , -   ,"16,419.76",Jun,"7,814,261.57",1.42%,9271.29,,,,,,,,,,,,,,,,,,,,,,,,,,,,,,,,,,,,,,,,,,,,,,,,,,,,,
,,1 mlb to kWh,346.9296,,Occupancy,m2/person,G11,0,50,17.7596,,Jul,"682,506.66",,,,,,Jul,"682,506.66", -   , -  , -   ,,,,Jul,"659,447.69", -   , -   , -   ,"17,499.01",Jul,"48,337,802.17",3.38%,23058.96,,,,,,,,,,,,,,,,,,,,,,,,,,,,,,,,,,,,,,,,,,,,,,,,,,,,,
,,1 THERM to kWh,29.3001,,Parameter Z,Z,,,,,,Aug,"696,241.40",,,,,,Aug,"696,241.40", -   , -  , -   ,,,,Aug,"673,894.62", -   , -   , -   ,"17,193.08",Aug,"45,398,043.74",3.21%,22346.78,,,,,,,,,,,,,,,,,,,,,,,,,,,,,,,,,,,,,,,,,,,,,,,,,,,,,
,,,,,,,,,,,,Sep,"611,685.00",,,,,,Sep,"611,685.00", -   , -  , -   ,,,,Sep,"628,592.28", -   , -   , -   ,"15,809.04",Sep,"25,986,907.61",2.76%,-16907.28,,,,,,,,,,,,,,,,,,,,,,,,,,,,,,,,,,,,,,,,,,,,,,,,,,,,,
,,District Heating and Cooling:,,,,,,,,,,Oct,"588,866.38",,,,,,Oct,"588,866.38", -   , -  , -   ,,,,Oct,"594,866.75", -   , -   , -   ,"13,375.65",Oct,"3,273,132.54",1.02%,-6000.37,,,,,,,,,,,,,,,,,,,,,,,,,,,,,,,,,,,,,,,,,,,,,,,,,,,,,
,,Is there a district heating source (e.g. steam)?,No,,,,,,,,,Nov,"536,501.38",,,,,,Nov,"536,501.38", -   , -  , -   ,,,,Nov,"509,617.70", -   , -   , -   ,"9,022.21",Nov,"65,702,940.48",5.01%,26883.68,,,,,,,,,,,,,,,,,,,,,,,,,,,,,,,,,,,,,,,,,,,,,,,,,,,,,
,,Is there a district cooling source (e.g. chilled water)?,No,,,,,,,,,Dec,"537,023.03",,,,,,Dec,"537,023.03", -   , -  , -   ,,,,Dec,"530,156.01", -   , -   , -   ,"5,304.64",Dec,"4,286,906.26",1.28%,6867.02,,,,,,,,,,,,,,,,,,,,,,,,,,,,,,,,,,,,,,,,,,,,,,,,,,,,,
,,,,,,,,,,,,Total,"7,193,335.10", -   , -   , -   ,,,Total,"7,193,335.10", -   , -   , -   ,,,,Total,"7,044,920.50", -   , -   , -   ,,Total,"629,903,630.80",3.31%,,,,,,,,,,,,,,,,,,,,,,,,,,,,,,,,,,,,,,,,,,,,,,,,,,,,,,
,,,,,,,,,,,,,,,,,,,,,,,,,,,,,,,,,,,,,,,,,,,,,,,,,,,,,,,,,,,,,,,,,,,,,,,,,,,,,,,,,,,,,,,,,
,,,,,,,,,,,,,,,,,,,,,,,,,,,,,,,,,NMBE,2.30%,,,,,,,,,,,,,,,,,,,,,,,,,,,,,,,,,,,,,,,,,,,,,,,,,,,,,,,
,,,,,,,,,,,,,,,,,,,RMSE,,,,,,,,,,,,,,,,,,,,,,,,,,,,,,,,,,,,,,,,,,,,,,,,,,,,,,,,,,,,,,,,,,,,,,
,,,,,,,,,,,,,,,,,,,,,,,,,,,,,,,,,CV RMSE ,4.28%,,,,,,,,,,,,,,,,,,,,,,,,,,,,,,,,,,,,,,,,,,,,,,,,,,,,,,,
,,,,,,,,,,,,,,,,,,,,,,,,,,,,,,,,,,,,,,,,,,,,,,,,,,,,,,,,,,,,,,,,,,,,,,,,,,,,,,,,,,,,,,,,,
,,,,,,,,,,,,,,,,,,,,,,,,,,,,,,,,,,,,,,,,,,,,,,,,,,,,,,,,,,,,,,,,,,,,,,,,,,,,,,,,,,,,,,,,,
,,,,,,,,,,,,,,,,,,,,,,,,,,,,,,,,,,,,,,,,,,,,,,,,,,,,,,,,,,,,,,,,,,,,,,,,,,,,,,,,,,,,,,,,,
,,,,,,,,,,,,,,,,,,,,,,,,,,,,,,,,,,,,,,,,,,,,,,,,,,,,,,,,,,,,,,,,,,,,,,,,,,,,,,,,,,,,,,,,,
,,,,,,,,,,,,,,,,,,,,,,,,,,,,,,,,,,,,,,,,,,,,,,,,,,,,,,,,,,,,,,,,,,,,,,,,,,,,,,,,,,,,,,,,,
,,,,,,,,,,,,,,,,,,,,Momth,Util El,Model El,,,,,,,,,,,,,,,,,,,,,,,,,,,,,,,,,,,,,,,,,,,,,,,,,,,,,,,,,,,,,,,,,,,
,,,,,,,,,,,,,,,,,,,,Jan,"608,950.57","584,560.19",,,,,,,,,,,,,,,,,,,,,,,,,,,,,,,,,,,,,,,,,,,,,,,,,,,,,,,,,,,,,,,,,,,
,,,,,,,,,,,,,,,,,,,,Feb,"551,542.00","492,205.21",,,,,,,,,,,,,,,,,,,,,,,,,,,,,,,,,,,,,,,,,,,,,,,,,,,,,,,,,,,,,,,,,,,
,,,,,,,,,,,,,,,,,,,,Mar,"566,962.88","552,966.57",,,,,,,,,,,,,,,,,,,,,,,,,,,,,,,,,,,,,,,,,,,,,,,,,,,,,,,,,,,,,,,,,,,
,,,,,,,,,,,,,,,,,,,,Apr,"546,668.28","566,300.56",,,,,,,,,,,,,,,,,,,,,,,,,,,,,,,,,,,,,,,,,,,,,,,,,,,,,,,,,,,,,,,,,,,
,,,,,,,,,,,,,,,,,,,,May,"612,831.52","608,028.25",,,,,,,,,,,,,,,,,,,,,,,,,,,,,,,,,,,,,,,,,,,,,,,,,,,,,,,,,,,,,,,,,,,
,,,,,,,,,,,,,,,,,,,,Jun,"653,556.00","644,284.71",,,,,,,,,,,,,,,,,,,,,,,,,,,,,,,,,,,,,,,,,,,,,,,,,,,,,,,,,,,,,,,,,,,
,,,,,,,,,,,,,,,,,,,,Jul,"682,506.66","659,447.69",,,,,,,,,,,,,,,,,,,,,,,,,,,,,,,,,,,,,,,,,,,,,,,,,,,,,,,,,,,,,,,,,,,
,,,,,,,,,,,,,,,,,,,,Aug,"696,241.40","673,894.62",,,,,,,,,,,,,,,,,,,,,,,,,,,,,,,,,,,,,,,,,,,,,,,,,,,,,,,,,,,,,,,,,,,
,,,,,,,,,,,,,,,,,,,,Sep,"611,685.00","628,592.28",,,,,,,,,,,,,,,,,,,,,,,,,,,,,,,,,,,,,,,,,,,,,,,,,,,,,,,,,,,,,,,,,,,
,,,,,,,,,,,,,,,,,,,,Oct,"588,866.38","594,866.75",,,,,,,,,,,,,,,,,,,,,,,,,,,,,,,,,,,,,,,,,,,,,,,,,,,,,,,,,,,,,,,,,,,
,,,,,,,,,,,,,,,,,,,,Nov,"536,501.38","509,617.70",,,,,,,,,,,,,,,,,,,,,,,,,,,,,,,,,,,,,,,,,,,,,,,,,,,,,,,,,,,,,,,,,,,
,,,,,,,,,,,,,,,,,,,,Dec,"537,023.03","530,156.01",,,,,,,,,,,,,,,,,,,,,,,,,,,,,,,,,,,,,,,,,,,,,,,,,,,,,,,,,,,,,,,,,,,